{"cameraMode":{"drawMode":0,"name":"Shaded","section":"Shading Mode"},"sceneLighting":true,"audioPlay":false,"sceneViewState":{"showFog":true,"showMaterialUpdate":false,"showSkybox":true,"showFlares":true,"showImageEffects":true,"showParticleSystems":true},"in2DMode":false,"pivot":{"x":-7.123730659484863,"y":6.2661638259887699,"z":5.673060417175293},"rotation":{"x":0.1709824502468109,"y":-0.02838551625609398,"z":0.004921047016978264,"w":0.9848528504371643},"size":3.6723551750183107,"orthographic":false}