{"cameraMode":{"drawMode":0,"name":"Shaded","section":"Shading Mode"},"sceneLighting":false,"audioPlay":false,"sceneViewState":{"showFog":true,"showMaterialUpdate":false,"showSkybox":true,"showFlares":true,"showImageEffects":true,"showParticleSystems":true},"in2DMode":false,"pivot":{"x":9.701042175292969,"y":1.2473640441894532,"z":2.8358612060546877},"rotation":{"x":-0.16505326330661775,"y":-0.1071787178516388,"z":0.01804773136973381,"w":-0.9802777767181397},"size":23.673620223999025,"orthographic":false}