{"cameraMode":{"drawMode":0,"name":"Shaded","section":"Shading Mode"},"sceneLighting":true,"audioPlay":false,"sceneViewState":{"showFog":true,"showMaterialUpdate":false,"showSkybox":true,"showFlares":true,"showImageEffects":true,"showParticleSystems":true},"in2DMode":false,"pivot":{"x":-2.5299999713897707,"y":5.687999725341797,"z":4.150000095367432},"rotation":{"x":0.10909745842218399,"y":-0.05751732364296913,"z":0.006320204585790634,"w":0.9923454523086548},"size":2.772355318069458,"orthographic":false}