{"cameraMode":{"drawMode":0,"name":"Shaded","section":"Shading Mode"},"sceneLighting":false,"audioPlay":false,"sceneViewState":{"showFog":true,"showMaterialUpdate":false,"showSkybox":true,"showFlares":true,"showImageEffects":true,"showParticleSystems":true},"in2DMode":false,"pivot":{"x":-3.444765329360962,"y":1.1380184888839722,"z":-3.354865550994873},"rotation":{"x":0.0014491118490695954,"y":-0.9984509348869324,"z":-0.030561598017811776,"w":-0.04647336155176163},"size":2.761608839035034,"orthographic":false}