{"cameraMode":{"drawMode":0,"name":"Shaded","section":"Shading Mode"},"sceneLighting":false,"audioPlay":false,"sceneViewState":{"showFog":true,"showMaterialUpdate":false,"showSkybox":true,"showFlares":true,"showImageEffects":true,"showParticleSystems":true},"in2DMode":false,"pivot":{"x":-0.6375177502632141,"y":1.6403474807739258,"z":5.445775032043457},"rotation":{"x":0.21368008852005006,"y":-0.02260071597993374,"z":0.004884655121713877,"w":0.9766300320625305},"size":5.94224214553833,"orthographic":false}