{"cameraMode":{"drawMode":0,"name":"Shaded","section":"Shading Mode"},"sceneLighting":false,"audioPlay":false,"sceneViewState":{"showFog":true,"showMaterialUpdate":false,"showSkybox":true,"showFlares":true,"showImageEffects":true,"showParticleSystems":true},"in2DMode":false,"pivot":{"x":20.032007217407228,"y":1.2787814140319825,"z":-0.44870948791503909},"rotation":{"x":-0.03883935511112213,"y":-0.4090411961078644,"z":-0.017467493191361429,"w":0.9115217328071594},"size":6.319269180297852,"orthographic":false}