{"cameraMode":{"drawMode":0,"name":"Shaded","section":"Shading Mode"},"sceneLighting":false,"audioPlay":false,"sceneViewState":{"showFog":true,"showMaterialUpdate":false,"showSkybox":true,"showFlares":true,"showImageEffects":true,"showParticleSystems":true},"in2DMode":false,"pivot":{"x":-3.6821963787078859,"y":0.7083041667938232,"z":-1.0924122333526612},"rotation":{"x":0.05329930782318115,"y":0.05208812281489372,"z":-0.0027938433922827245,"w":0.9972152709960938},"size":3.1197798252105715,"orthographic":false}