{"cameraMode":{"drawMode":0,"name":"Shaded","section":"Shading Mode"},"sceneLighting":false,"audioPlay":false,"sceneViewState":{"showFog":true,"showMaterialUpdate":false,"showSkybox":true,"showFlares":true,"showImageEffects":true,"showParticleSystems":true},"in2DMode":false,"pivot":{"x":1.5903279781341553,"y":3.8148274421691896,"z":5.021875381469727},"rotation":{"x":-0.06324367225170136,"y":0.02753777615725994,"z":-0.0017439156072214246,"w":-0.9976165890693665},"size":3.1898322105407717,"orthographic":false}