{"cameraMode":{"drawMode":0,"name":"Shaded","section":"Shading Mode"},"sceneLighting":false,"audioPlay":false,"sceneViewState":{"showFog":true,"showMaterialUpdate":false,"showSkybox":true,"showFlares":true,"showImageEffects":true,"showParticleSystems":true},"in2DMode":false,"pivot":{"x":-4.198887825012207,"y":11.229084014892579,"z":-2.9030661582946779},"rotation":{"x":0.0011865063570439816,"y":0.9202742576599121,"z":-0.0027543206233531238,"w":0.3912626802921295},"size":5.7903151512146,"orthographic":false}