{"cameraMode":{"drawMode":0,"name":"Shaded","section":"Shading Mode"},"sceneLighting":false,"audioPlay":false,"sceneViewState":{"showFog":true,"showMaterialUpdate":false,"showSkybox":true,"showFlares":true,"showImageEffects":true,"showParticleSystems":true},"in2DMode":false,"pivot":{"x":3.865954875946045,"y":1.0729081630706788,"z":5.572704792022705},"rotation":{"x":-0.12075389921665192,"y":-0.24105747044086457,"z":0.030253374949097635,"w":-0.9624940156936646},"size":4.415631294250488,"orthographic":false}