{"cameraMode":{"drawMode":0,"name":"Shaded","section":"Shading Mode"},"sceneLighting":false,"audioPlay":false,"sceneViewState":{"showFog":true,"showMaterialUpdate":false,"showSkybox":true,"showFlares":true,"showImageEffects":true,"showParticleSystems":true},"in2DMode":false,"pivot":{"x":-5.2557692527771,"y":4.244465351104736,"z":-1.0531283617019654},"rotation":{"x":-0.17329683899879456,"y":-0.497057169675827,"z":0.10206247121095658,"w":-0.8440886735916138},"size":8.477407455444336,"orthographic":false}