{"cameraMode":{"drawMode":0,"name":"Shaded","section":"Shading Mode"},"sceneLighting":false,"audioPlay":false,"sceneViewState":{"showFog":true,"showMaterialUpdate":false,"showSkybox":true,"showFlares":true,"showImageEffects":true,"showParticleSystems":true},"in2DMode":false,"pivot":{"x":-15.120637893676758,"y":-0.9218857288360596,"z":-8.54917049407959},"rotation":{"x":0.12931136786937715,"y":0.21617887914180757,"z":-0.02893165312707424,"w":0.9673202037811279},"size":16.72824478149414,"orthographic":false}