{"cameraMode":{"drawMode":0,"name":"Shaded","section":"Shading Mode"},"sceneLighting":false,"audioPlay":false,"sceneViewState":{"showFog":true,"showMaterialUpdate":false,"showSkybox":true,"showFlares":true,"showImageEffects":true,"showParticleSystems":true},"in2DMode":false,"pivot":{"x":6.512306213378906,"y":1.9019694328308106,"z":2.8844475746154787},"rotation":{"x":0.11248893290758133,"y":-0.03843483701348305,"z":0.00433129770681262,"w":0.9928998947143555},"size":5.940378189086914,"orthographic":false}