{"cameraMode":{"drawMode":0,"name":"Shaded","section":"Shading Mode"},"sceneLighting":false,"audioPlay":false,"sceneViewState":{"showFog":true,"showMaterialUpdate":false,"showSkybox":true,"showFlares":true,"showImageEffects":true,"showParticleSystems":true},"in2DMode":false,"pivot":{"x":-18.22859001159668,"y":-9.41771125793457,"z":10.369439125061036},"rotation":{"x":-0.22285643219947816,"y":0.5899314284324646,"z":-0.17376936972141267,"w":-0.7563863396644592},"size":10.002935409545899,"orthographic":false}