{"cameraMode":{"drawMode":0,"name":"Shaded","section":"Shading Mode"},"sceneLighting":false,"audioPlay":false,"sceneViewState":{"showFog":true,"showMaterialUpdate":false,"showSkybox":true,"showFlares":true,"showImageEffects":true,"showParticleSystems":true},"in2DMode":false,"pivot":{"x":-7.952626705169678,"y":5.846444129943848,"z":-9.834545135498047},"rotation":{"x":-0.35445842146873476,"y":0.2094419151544571,"z":-0.08177518844604492,"w":-0.9076376557350159},"size":3.989341974258423,"orthographic":false}