{"cameraMode":{"drawMode":0,"name":"Shaded","section":"Shading Mode"},"sceneLighting":false,"audioPlay":false,"sceneViewState":{"showFog":true,"showMaterialUpdate":false,"showSkybox":true,"showFlares":true,"showImageEffects":true,"showParticleSystems":true},"in2DMode":false,"pivot":{"x":15.042581558227539,"y":9.627202987670899,"z":-3.8739233016967775},"rotation":{"x":0.19251365959644319,"y":0.12388154119253159,"z":-0.02455011010169983,"w":0.9731337428092957},"size":6.856747150421143,"orthographic":false}