{"cameraMode":{"drawMode":0,"name":"Shaded","section":"Shading Mode"},"sceneLighting":false,"audioPlay":false,"sceneViewState":{"showFog":true,"showMaterialUpdate":false,"showSkybox":true,"showFlares":true,"showImageEffects":true,"showParticleSystems":true},"in2DMode":false,"pivot":{"x":56.607696533203128,"y":2.3888912200927736,"z":31.84947967529297},"rotation":{"x":0.04744049534201622,"y":-0.9522141814231873,"z":0.19515512883663178,"w":0.23011323809623719},"size":6.65033483505249,"orthographic":false}