{"cameraMode":{"drawMode":0,"name":"Shaded","section":"Shading Mode"},"sceneLighting":false,"audioPlay":false,"sceneViewState":{"showFog":true,"showMaterialUpdate":false,"showSkybox":true,"showFlares":true,"showImageEffects":true,"showParticleSystems":true},"in2DMode":false,"pivot":{"x":30.062297821044923,"y":-4.688380241394043,"z":10.914753913879395},"rotation":{"x":-0.041267503052949908,"y":-0.9403859972953796,"z":0.12341222167015076,"w":-0.3142302930355072},"size":1.853943109512329,"orthographic":false}