{"cameraMode":{"drawMode":0,"name":"Shaded","section":"Shading Mode"},"sceneLighting":false,"audioPlay":false,"sceneViewState":{"showFog":true,"showMaterialUpdate":false,"showSkybox":true,"showFlares":true,"showImageEffects":true,"showParticleSystems":true},"in2DMode":false,"pivot":{"x":-10.370877265930176,"y":10.587104797363282,"z":-4.2412896156311039},"rotation":{"x":0.10149385035037995,"y":0.20034021139144898,"z":-0.02091442234814167,"w":0.9742307066917419},"size":5.898140907287598,"orthographic":false}