{"cameraMode":{"drawMode":0,"name":"Shaded","section":"Shading Mode"},"sceneLighting":false,"audioPlay":false,"sceneViewState":{"showFog":true,"showMaterialUpdate":false,"showSkybox":true,"showFlares":true,"showImageEffects":true,"showParticleSystems":true},"in2DMode":false,"pivot":{"x":-7.094096660614014,"y":5.718132495880127,"z":5.056438446044922},"rotation":{"x":-0.11074826866388321,"y":-0.2642468810081482,"z":0.030830712988972665,"w":-0.9575791954994202},"size":16.004148483276368,"orthographic":false}