{"cameraMode":{"drawMode":0,"name":"Shaded","section":"Shading Mode"},"sceneLighting":false,"audioPlay":false,"sceneViewState":{"showFog":true,"showMaterialUpdate":false,"showSkybox":true,"showFlares":true,"showImageEffects":true,"showParticleSystems":true},"in2DMode":false,"pivot":{"x":31.538572311401368,"y":15.142529487609864,"z":15.294523239135743},"rotation":{"x":-0.07820097357034683,"y":-0.6956696510314941,"z":0.07633446902036667,"w":-0.7100009918212891},"size":1.592944860458374,"orthographic":false}