{"cameraMode":{"drawMode":0,"name":"Shaded","section":"Shading Mode"},"sceneLighting":false,"audioPlay":false,"sceneViewState":{"showFog":true,"showMaterialUpdate":false,"showSkybox":true,"showFlares":true,"showImageEffects":true,"showParticleSystems":true},"in2DMode":false,"pivot":{"x":-0.772300124168396,"y":-1.3490004539489747,"z":0.538581132888794},"rotation":{"x":-0.00015479588182643056,"y":0.9915744066238403,"z":-0.1295327991247177,"w":-0.0011936535593122244},"size":7.292022705078125,"orthographic":false}