{"cameraMode":{"drawMode":0,"name":"Shaded","section":"Shading Mode"},"sceneLighting":false,"audioPlay":false,"sceneViewState":{"showFog":true,"showMaterialUpdate":false,"showSkybox":true,"showFlares":true,"showImageEffects":true,"showParticleSystems":true},"in2DMode":false,"pivot":{"x":-1.63887619972229,"y":9.435043334960938,"z":3.1697120666503908},"rotation":{"x":-0.12728752195835114,"y":-0.38041749596595766,"z":0.052973248064517978,"w":-0.9144803285598755},"size":7.568666934967041,"orthographic":false}