{"cameraMode":{"drawMode":0,"name":"Shaded","section":"Shading Mode"},"sceneLighting":false,"audioPlay":false,"sceneViewState":{"showFog":true,"showMaterialUpdate":false,"showSkybox":true,"showFlares":true,"showImageEffects":true,"showParticleSystems":true},"in2DMode":false,"pivot":{"x":-12.637544631958008,"y":-6.268310546875,"z":-0.5962667465209961},"rotation":{"x":0.05035439878702164,"y":-0.9467952251434326,"z":0.18558353185653687,"w":0.2580736577510834},"size":5.108343124389648,"orthographic":false}