{"cameraMode":{"drawMode":0,"name":"Shaded","section":"Shading Mode"},"sceneLighting":false,"audioPlay":false,"sceneViewState":{"showFog":true,"showMaterialUpdate":false,"showSkybox":true,"showFlares":true,"showImageEffects":true,"showParticleSystems":true},"in2DMode":false,"pivot":{"x":14.085834503173829,"y":2.1523046493530275,"z":4.032809257507324},"rotation":{"x":0.2876296043395996,"y":0.1813291758298874,"z":-0.05558152496814728,"w":0.9387755990028381},"size":9.66907787322998,"orthographic":false}