{"cameraMode":{"drawMode":0,"name":"Shaded","section":"Shading Mode"},"sceneLighting":false,"audioPlay":false,"sceneViewState":{"showFog":true,"showMaterialUpdate":false,"showSkybox":true,"showFlares":true,"showImageEffects":true,"showParticleSystems":true},"in2DMode":false,"pivot":{"x":-16.693357467651368,"y":1.1547657251358033,"z":-1.5723609924316407},"rotation":{"x":0.08339045196771622,"y":-0.10738705098628998,"z":-0.00923970714211464,"w":-0.9906708598136902},"size":4.435993671417236,"orthographic":false}