{"cameraMode":{"drawMode":0,"name":"Shaded","section":"Shading Mode"},"sceneLighting":false,"audioPlay":false,"sceneViewState":{"showFog":true,"showMaterialUpdate":false,"showSkybox":true,"showFlares":true,"showImageEffects":true,"showParticleSystems":true},"in2DMode":false,"pivot":{"x":36.71435546875,"y":10.016963958740235,"z":30.254226684570314},"rotation":{"x":-0.005616709589958191,"y":-0.14396092295646668,"z":0.0010785252088680864,"w":-0.9895668625831604},"size":19.10930633544922,"orthographic":false}