{"cameraMode":{"drawMode":0,"name":"Shaded","section":"Shading Mode"},"sceneLighting":false,"audioPlay":false,"sceneViewState":{"showFog":true,"showMaterialUpdate":false,"showSkybox":true,"showFlares":true,"showImageEffects":true,"showParticleSystems":true},"in2DMode":false,"pivot":{"x":16.90890884399414,"y":4.871957778930664,"z":1.2570682764053345},"rotation":{"x":0.12680594623088838,"y":0.2732834219932556,"z":-0.03639611601829529,"w":0.9528440237045288},"size":10.502008438110352,"orthographic":false}