{"cameraMode":{"drawMode":0,"name":"Shaded","section":"Shading Mode"},"sceneLighting":false,"audioPlay":false,"sceneViewState":{"showFog":true,"showMaterialUpdate":false,"showSkybox":true,"showFlares":true,"showImageEffects":true,"showParticleSystems":true},"in2DMode":false,"pivot":{"x":-6.235072135925293,"y":-1.3311779499053956,"z":-1.0217113494873047},"rotation":{"x":0.31645938754081728,"y":-0.3556603193283081,"z":0.12932655215263368,"w":0.8698471188545227},"size":8.880149841308594,"orthographic":false}