{"cameraMode":{"drawMode":0,"name":"Shaded","section":"Shading Mode"},"sceneLighting":false,"audioPlay":false,"sceneViewState":{"showFog":true,"showMaterialUpdate":false,"showSkybox":true,"showFlares":true,"showImageEffects":true,"showParticleSystems":true},"in2DMode":false,"pivot":{"x":2.754521131515503,"y":3.9150331020355226,"z":-7.668967247009277},"rotation":{"x":-0.06470028311014176,"y":-0.9225137829780579,"z":0.17638343572616578,"w":-0.33715152740478518},"size":4.772252559661865,"orthographic":false}