{"cameraMode":{"drawMode":0,"name":"Shaded","section":"Shading Mode"},"sceneLighting":false,"audioPlay":false,"sceneViewState":{"showFog":true,"showMaterialUpdate":false,"showSkybox":true,"showFlares":true,"showImageEffects":true,"showParticleSystems":true},"in2DMode":false,"pivot":{"x":11.145981788635254,"y":9.020832061767579,"z":-3.8367397785186769},"rotation":{"x":0.07448685169219971,"y":-0.05983734875917435,"z":-0.004436898976564407,"w":-0.9954152703285217},"size":3.162161111831665,"orthographic":false}