{"cameraMode":{"drawMode":0,"name":"Shaded","section":"Shading Mode"},"sceneLighting":false,"audioPlay":false,"sceneViewState":{"showFog":true,"showMaterialUpdate":false,"showSkybox":true,"showFlares":true,"showImageEffects":true,"showParticleSystems":true},"in2DMode":false,"pivot":{"x":19.033405303955079,"y":2.6885881423950197,"z":-2.1599035263061525},"rotation":{"x":0.10653765499591828,"y":-0.6048436760902405,"z":0.0817834734916687,"w":0.7849365472793579},"size":39.33789825439453,"orthographic":false}