{"cameraMode":{"drawMode":0,"name":"Shaded","section":"Shading Mode"},"sceneLighting":false,"audioPlay":false,"sceneViewState":{"showFog":true,"showMaterialUpdate":false,"showSkybox":true,"showFlares":true,"showImageEffects":true,"showParticleSystems":true},"in2DMode":false,"pivot":{"x":-28.001014709472658,"y":-14.96076774597168,"z":5.1791462898254398},"rotation":{"x":-0.028128519654273988,"y":0.9548044800758362,"z":-0.2800368666648865,"w":-0.09558624774217606},"size":9.522092819213868,"orthographic":false}