{"cameraMode":{"drawMode":0,"name":"Shaded","section":"Shading Mode"},"sceneLighting":false,"audioPlay":false,"sceneViewState":{"showFog":true,"showMaterialUpdate":false,"showSkybox":true,"showFlares":true,"showImageEffects":true,"showParticleSystems":true},"in2DMode":false,"pivot":{"x":0.9565787315368652,"y":0.8262408971786499,"z":-0.08500474691390991},"rotation":{"x":0.04496164992451668,"y":-0.12225233763456345,"z":0.0055016083642840389,"w":0.9914649128913879},"size":3.236896276473999,"orthographic":false}